cohort_id,time_id,covariate_id,count_value,min_value,max_value,mean,sd,median_value,p_10_value,p_25_value,p_75_value,p_90_value,database_id
2379,0,1010,291,0,1453,49.5807560137457,96.17263280164478,29,6,27,55,101,database_schema
2379,0,1901,170,0,11,1.5120274914089347,1.873472711303797,1,0,0,2,4,database_schema
2379,0,1904,291,0,5,1.2371134020618557,1.0514751542475933,1,0,0,2,3,database_schema
2379,0,1008,291,365,1724,460.213058419244,227.89993856953976,383,367,372,397,625,database_schema
2379,0,1902,80,0,7,0.6701030927835051,1.394775967673662,0,0,0,1,2,database_schema
2379,0,1009,291,191,1639,808.6391752577321,468.83062559948024,629,297,436,1240,1539,database_schema
2379,0,1002,291,20,76,46.36426116838488,13.317785101134499,48,27,35,57,63,database_schema
2379,0,1903,291,0,-5,0.8419243986254294,0.926066952223218,1,0,0,1,2,database_schema
